"대여소 번호","거치대","위도","경도","고도 표준편차(1km)"
"101.0","5.0","37.549561","126.905754","95.30572540300167"
"102.0","20.0","37.556","126.910454","96.23185988323603"
"103.0","14.0","37.554951","126.910835","96.32721712538226"
"104.0","13.0","37.550629","126.91498600000001","96.63537906137184"
"105.0","5.0","37.550007","126.914825","96.63537906137184"
"106.0","10.0","37.548645","126.91282700000001","96.29864002220371"
"107.0","5.0","37.55751","126.918503","97.52308120133482"
"108.0","10.0","37.552746","126.918617","97.32981090100111"
"109.0","10.0","37.547691","126.919983","96.90197167453485"
"110.0","5.0","37.568199","126.917847","98.35630580357143"
"111.0","10.0","37.547871","126.92353100000001","97.42765898361566"
"112.0","10.0","37.549202","126.923203","97.81699527908914"
"113.0","25.0","37.557499","126.923805","98.162680756396"
"114.0","15.0","37.55706","126.924423","98.17625799277175"
"115.0","15.0","37.558933","126.927116","98.96601671309192"
"116.0","5.0","37.564541","126.927071","99.24129283923098"
"117.0","5.0","37.591159999999995","126.94133000000001","103.20050689946494"
"118.0","10.0","37.547733","126.93176299999999","98.93525179856115"
"119.0","10.0","37.545284","126.931053","98.81637168141593"
"120.0","5.0","37.545242","126.93411299999998","99.22044198895027"
"121.0","15.0","37.549766999999996","126.933174","99.1578073089701"
"122.0","10.0","37.547249","126.93929299999999","100.01962952723251"
"123.0","10.0","37.59433","126.94738799999999","104.47490129723633"
"124.0","20.0","37.551140000000004","126.93698899999998","100.18644536652836"
"125.0","15.0","37.549484","126.93895","100.45175559856234"
"126.0","20.0","37.550411","126.943848","101.06275919270114"
"127.0","15.0","37.55352","126.93695100000001","100.1825484764543"
"128.0","20.0","37.555496000000005","126.93633999999999","100.13481276005548"
"129.0","15.0","37.555054","126.937569","100.38314388688661"
"130.0","10.0","37.554859","126.93615700000001","100.10257831993346"
"131.0","8.0","37.584171000000005","126.911102","97.79590692458649"
"132.0","15.0","37.556789","126.935883","100.14555555555556"
"133.0","7.0","37.582031","126.908997","97.42797202797203"
"134.0","8.0","37.557891999999995","126.93808","100.48848182070496"
"135.0","10.0","37.559101","126.939178","100.6425792106726"
"136.0","7.0","37.555690999999996","126.942451","100.9539783753812"
"137.0","10.0","37.556812","126.943184","101.31159822419534"
"138.0","10.0","37.559177000000005","126.934525","99.99582405345211"
"139.0","13.0","37.559795","126.93447900000001","99.99582405345211"
"140.0","20.0","37.560009","126.940735","101.10978321289605"
"141.0","20.0","37.562382","126.932648","99.86542212315408"
"142.0","11.0","37.557201","126.955666","103.10266370699223"
"143.0","9.0","37.544579","126.95021799999999","101.97447280799112"
"144.0","10.0","37.543579","126.951324","102.03746877601998"
"145.0","9.0","37.54425","126.951637","102.06579677956691"
"146.0","12.0","37.539936","126.945824","100.93148404993065"
"147.0","7.0","37.539272","126.94591499999999","100.73211314475874"
"148.0","11.0","37.542347","126.943024","100.28796680497925"
"150.0","15.0","37.552956","126.93434099999999","99.74535367545076"
"151.0","10.0","37.555687","126.905548","95.6296193387052"
"152.0","30.0","37.55661","126.898018","94.03966712898752"
"153.0","12.0","37.564696999999995","126.912613","97.00027839643653"
"154.0","13.0","37.560909","126.905495","95.57460405668242"
"155.0","15.0","37.56855","126.91451299999999","97.69588202559822"
"156.0","10.0","37.549904","126.955147","103.08192168841988"
"157.0","12.0","37.553001","126.95668799999999","103.23638888888888"
"158.0","15.0","37.571259000000005","126.96048","104.85610910102979"
"159.0","7.0","37.556953","126.94634199999999","101.8781163434903"
"160.0","20.0","37.557549","126.95938100000001","104.0377253814147"
"161.0","8.0","37.582245","126.950645","104.01178781925344"
"162.0","15.0","37.565269","126.946243","102.04394993045896"
"163.0","7.0","37.583698","126.92496499999999","99.80672268907563"
"164.0","10.0","37.574478000000006","126.910049","97.36545961002786"
"165.0","20.0","37.575138","126.91394","97.87183059348008"
"166.0","20.0","37.573277000000004","126.919678","98.53082287308229"
"167.0","15.0","37.57946","126.91713","98.56564245810056"
"168.0","20.0","37.574821","126.918053","98.23939732142857"
"169.0","15.0","37.573002","126.907799","96.55029256060183"
"170.0","10.0","37.573112","126.92244699999999","99.16461710452766"
"171.0","10.0","37.562134","126.969254","105.99275967697021"
"172.0","8.0","37.573254","126.935722","101.10841017043867"
"173.0","8.0","37.564777","126.966148","105.40689271817676"
"174.0","10.0","37.580589","126.923447","99.46884604638167"
"175.0","20.0","37.578072","126.93081699999999","100.51778213385606"
"176.0","10.0","37.581097","126.924026","99.5230640201286"
"177.0","8.0","37.577675","126.909805","97.43666294642857"
"178.0","10.0","37.579876","126.906349","97.10763209393346"
"179.0","15.0","37.569122","126.914795","97.67232267037552"
"180.0","10.0","37.559967","126.96246299999999","104.48707974437343"
"181.0","15.0","37.551342","126.902672","94.80655919955531"
"182.0","10.0","37.551567","126.902847","94.79532814238043"
"183.0","15.0","37.565166","126.919395","98.35321996097016"
"184.0","9.0","37.558949","126.907753","96.05954368391764"
"185.0","15.0","37.542545000000004","126.934296","99.07698675496688"
"186.0","40.0","37.563965","126.89820900000001","94.64888888888889"
"188.0","10.0","37.586388","126.93512700000001","101.82448750351026"
"191.0","10.0","37.578891999999996","126.91073600000001","97.5947530002791"
"192.0","10.0","37.572227000000005","126.923065","99.0612073784237"
"194.0","10.0","37.577315999999996","126.902969","96.0374510899944"
"195.0","10.0","37.567657000000004","126.917809","98.3042387060792"
"196.0","10.0","37.56612","126.925896","99.19102063580591"
"198.0","15.0","37.562138","126.963776","104.66546262850792"
"199.0","30.0","37.566845","126.896446","94.56114508060034"
"200.0","20.0","37.528728","126.914925","95.19536423841059"
"201.0","15.0","37.531239","126.921333","96.39581036383683"
"202.0","15.0","37.528816","126.92453","96.71113561190738"
"203.0","15.0","37.528057000000004","126.918701","96.12200495731203"
"204.0","13.0","37.528164000000004","126.917023","95.72724765581908"
"205.0","20.0","37.526264000000005","126.92050900000001","96.35059212338199"
"206.0","20.0","37.524665999999996","126.918022","95.61252068394926"
"207.0","40.0","37.526989","126.932098","98.01439645625692"
"209.0","12.0","37.524612","126.927834","97.33508287292818"
"210.0","12.0","37.524532","126.923172","96.66115246760408"
"211.0","13.0","37.522228000000005","126.924637","96.70300855644494"
"212.0","35.0","37.521361999999996","126.92346200000001","96.32477924944813"
"213.0","15.0","37.521908","126.918953","95.69625137816979"
"214.0","20.0","37.523022","126.920837","95.89462068965517"
"215.0","10.0","37.524837","126.93490600000001","98.40326598394685"
"216.0","10.0","37.523491","126.932899","97.94664086259331"
"217.0","10.0","37.522079","126.93036699999999","97.58849557522124"
"218.0","20.0","37.523277","126.92923700000001","97.55850622406639"
"219.0","12.0","37.520695","126.925835","96.8863070539419"
"220.0","30.0","37.519363","126.926048","96.68677365799668"
"221.0","10.0","37.522675","126.93778999999999","98.58390931711364"
"222.0","12.0","37.520271","126.93888100000001","98.78364189002487"
"223.0","20.0","37.519314","126.933167","97.90251311792322"
"224.0","20.0","37.520088","126.93236499999999","97.74433388612493"
"225.0","26.0","37.517368","126.929253","97.25925925925925"
"226.0","20.0","37.517765000000004","126.92841299999999","97.015214384509"
"227.0","10.0","37.544666","126.88835900000001","92.27410886985355"
"228.0","10.0","37.53846","126.894508","93.07590027700832"
"229.0","20.0","37.535872999999995","126.89218100000001","92.60421286031043"
"230.0","10.0","37.524634999999996","126.896217","92.71704890853827"
"231.0","10.0","37.524372","126.89209699999999","92.13633849557522"
"232.0","20.0","37.52565","126.887817","91.64823008849558"
"233.0","10.0","37.528488","126.89164699999999","92.31258644536653"
"234.0","10.0","37.500462","126.905846","93.453591160221"
"235.0","10.0","37.504566","126.910233","94.1875172604253"
"236.0","10.0","37.516155","126.89461499999999","91.9936551724138"
"237.0","20.0","37.496513","126.914803","94.35229155162894"
"238.0","10.0","37.526385999999995","126.90275600000001","93.57304925290536"
"239.0","20.0","37.525852","126.903282","93.57304925290536"
"240.0","10.0","37.518867","126.895706","92.27121924246613"
"241.0","10.0","37.505328999999996","126.89848300000001","92.18595041322314"
"242.0","15.0","37.510933","126.910225","94.14376204902231"
"243.0","15.0","37.527225","126.891594","92.27162199502625"
"244.0","20.0","37.530079","126.905708","94.18234643054787"
"245.0","10.0","37.528263","126.896629","92.79358938933407"
"247.0","19.0","37.533688","126.902107","93.98063087991146"
"248.0","10.0","37.531055","126.92421000000002","96.70022062879205"
"249.0","8.0","37.52412","126.93654599999999","98.59336099585062"
"250.0","10.0","37.507641","126.92308","96.07182320441989"
"251.0","10.0","37.504494","126.921951","95.69685256764218"
"252.0","10.0","37.499977","126.92003600000001","95.30488815244408"
"253.0","10.0","37.500702000000004","126.909378","93.86854460093896"
"254.0","10.0","37.503803000000005","126.903419","92.95400716056183"
"255.0","10.0","37.506572999999996","126.901131","92.63721442334159"
"256.0","10.0","37.509476","126.8993","92.39598238855255"
"257.0","10.0","37.513844","126.919357","95.7112462006079"
"258.0","14.0","37.517693","126.914299","94.7931129476584"
"259.0","17.0","37.513591999999996","126.92593400000001","96.47804473902237"
"260.0","15.0","37.533817","126.91249099999999","95.55949086884338"
"262.0","12.0","37.519928","126.889183","91.55813311239989"
"263.0","12.0","37.517151","126.888626","91.37531068765534"
"264.0","15.0","37.521931","126.891617","91.83351769911505"
"265.0","15.0","37.521133","126.89653799999999","92.55063641394577"
"266.0","10.0","37.520447","126.90109299999999","93.05457552370451"
"267.0","10.0","37.535961","126.8983","93.55152354570637"
"268.0","10.0","37.534718","126.900002","93.66989753530878"
"270.0","10.0","37.522343","126.92710100000001","97.39280774550484"
"271.0","10.0","37.518963","126.92161599999999","96.08505937586303"
"272.0","20.0","37.535339","126.903679","94.10265633646928"
"300.0","7.0","37.56805","126.96923100000001","106.10219994430521"
"301.0","16.0","37.575794","126.971451","107.02788622420525"
"302.0","12.0","37.575947","126.97406000000001","107.47434467373118"
"303.0","8.0","37.571732","126.97492199999999","107.37301366044048"
"304.0","7.0","37.572487","126.977501","107.95359239586246"
"305.0","11.0","37.572582000000004","126.97835500000001","108.03270897400056"
"306.0","9.0","37.570808","126.97643300000001","107.71983240223463"
"307.0","11.0","37.57","126.9711","106.49164810690424"
"308.0","10.0","37.569969","126.97393799999999","107.218070273285"
"309.0","13.0","37.569889","126.976456","107.71983240223463"
"310.0","10.0","37.568878000000005","126.97747","107.78330075397933"
"311.0","35.0","37.566612","126.97747","107.75334821428571"
"312.0","7.0","37.564674","126.97673799999998","107.28567447045708"
"313.0","5.0","37.556961","126.97177099999999","105.81691708402894"
"314.0","10.0","37.579708000000004","126.98085800000001","108.51327186364907"
"315.0","4.0","37.57597","126.98306299999999","108.9420979020979"
"316.0","12.0","37.570396","126.98178899999999","108.44587053571429"
"318.0","10.0","37.568527","126.982552","108.52775453277545"
"320.0","20.0","37.566223","126.983589","108.5486750348675"
"321.0","15.0","37.565464","126.98413799999999","108.5733407696598"
"322.0","15.0","37.564476","126.98696899999999","108.9788182831661"
"324.0","10.0","37.56134","126.9804","107.65282808581777"
"326.0","20.0","37.576240999999996","126.98616000000001","109.3428491463756"
"327.0","10.0","37.573357","126.98746499999999","109.38412077159632"
"328.0","11.0","37.570396","126.98818999999999","109.32569832402234"
"329.0","8.0","37.568344","126.98789199999999","109.2895030709101"
"330.0","10.0","37.568165","126.984978","108.85869868751746"
"331.0","10.0","37.566383","126.987206","109.06527196652719"
"332.0","7.0","37.56599","126.987793","109.1376811594203"
"334.0","10.0","37.570599","126.99179099999999","109.78882681564245"
"335.0","10.0","37.570198","126.991257","109.75816810946662"
"336.0","10.0","37.562618","126.99283600000001","109.73739905318853"
"337.0","5.0","37.578979","126.996475","110.90758891066928"
"338.0","18.0","37.570957","126.997124","110.60771165129924"
"339.0","10.0","37.571068","126.99819199999999","110.7005033557047"
"340.0","8.0","37.585629","127.000679","111.79275484414491"
"341.0","10.0","37.58157","127.00178500000001","111.6845204711161"
"342.0","10.0","37.579784000000004","127.00253300000001","111.70487668161435"
"343.0","12.0","37.575432","127.00498200000001","111.87111235640235"
"344.0","10.0","37.574036","127.006721","112.15664335664336"
"345.0","15.0","37.573307","127.00071000000001","111.45904389152922"
"346.0","10.0","37.569183","127.00988000000001","112.43776106934001"
"347.0","18.0","37.565331","127.007843","112.04590984974958"
"348.0","14.0","37.572029","126.96078500000002","104.88888888888889"
"349.0","7.0","37.576332","126.96858999999999","106.64500836586726"
"351.0","8.0","37.585079","126.970619","107.31829644158027"
"352.0","15.0","37.583416","126.98523700000001","109.30842429331095"
"353.0","8.0","37.579388","126.98494699999999","109.32239977572189"
"354.0","10.0","37.579155","126.98896","109.80330624824882"
"355.0","15.0","37.576508000000004","127.002457","111.70240761478163"
"356.0","15.0","37.577145","127.00206000000001","111.60761265043381"
"358.0","13.0","37.5825","126.998535","111.29637945551501"
"359.0","8.0","37.576060999999996","126.997681","110.94565826330532"
"361.0","10.0","37.573242","127.01590700000001","113.58105849582172"
"362.0","10.0","37.572224","127.022705","114.61159097241571"
"363.0","10.0","37.575759999999995","127.02283500000001","114.70097629009763"
"364.0","8.0","37.579334","127.015083","113.85602460162147"
"367.0","8.0","37.573848999999996","126.958694","104.67838214783822"
"368.0","12.0","37.569247999999995","126.98053700000001","108.17912946428571"
"369.0","20.0","37.575493","126.9785","108.13324022346369"
"370.0","8.0","37.563229","126.97483799999999","106.77817979404398"
"371.0","10.0","37.558871999999994","127.00553899999998","111.4504854368932"
"372.0","10.0","37.554295","127.0112","112.37444567627495"
"373.0","8.0","37.555859000000005","127.013855","112.83055555555555"
"374.0","10.0","37.560474","127.014076","112.84137548530228"
"375.0","8.0","37.563717","127.018425","113.76298971936649"
"377.0","10.0","37.557217","126.97300700000001","106.25521267723103"
"378.0","10.0","37.569805","127.016953","113.66211699164346"
"379.0","7.0","37.556","126.973358","105.9654980523094"
"380.0","8.0","37.563866","127.002747","111.19849874895746"
"381.0","10.0","37.558533000000004","127.00698899999999","111.79811425402107"
"382.0","7.0","37.555199","127.010048","112.1797783933518"
"383.0","17.0","37.565849","127.016403","113.32916319154852"
"384.0","10.0","37.559779999999996","126.968506","105.4858017817372"
"385.0","10.0","37.569835999999995","126.982658","108.58542713567839"
"386.0","10.0","37.590233000000005","126.99852","111.62482409231636"
"387.0","10.0","37.566994","127.003464","111.40879977722084"
"388.0","10.0","37.585735","127.00161000000001","111.79275484414491"
"389.0","10.0","37.56673","126.996605","110.48924881318068"
"390.0","10.0","37.56139","126.995354","110.14945727804063"
"391.0","8.0","37.565437","126.97330500000001","106.80139470013947"
"400.0","15.0","37.587524","126.883003","94.0531197301855"
"401.0","15.0","37.586189000000005","126.881615","93.82004491858507"
"402.0","20.0","37.582855","126.87982199999999","93.19725028058362"
"403.0","20.0","37.58559","126.884727","94.1610002809778"
"405.0","8.0","37.582657","126.88578799999999","94.11942809083263"
"406.0","15.0","37.581314","126.88058500000001","93.28182837913629"
"407.0","8.0","37.580631","126.883675","93.6039270687237"
"408.0","20.0","37.580811","126.88665","94.21761076836792"
"409.0","25.0","37.579399","126.88916","94.44768583450211"
"410.0","10.0","37.577496000000004","126.887772","93.94200056038106"
"411.0","9.0","37.577995","126.891472","94.61463004484305"
"412.0","20.0","37.575802","126.890739","94.21804932735427"
"413.0","9.0","37.571476000000004","126.88968700000001","93.92197986577182"
"414.0","8.0","37.57822","126.89447","95.17012331838565"
"415.0","10.0","37.577469","126.89736200000002","95.4053826745164"
"416.0","12.0","37.575665","126.894447","95.11705404648558"
"417.0","20.0","37.575069","126.899918","95.6390284757119"
"418.0","10.0","37.570721","126.898979","95.2746027320881"
"419.0","21.0","37.56842","126.899429","94.9729880256196"
"420.0","40.0","37.566246","126.896179","94.56114508060034"
"421.0","8.0","37.565903000000006","126.90118400000001","95.20678154530295"
"422.0","13.0","37.569084000000004","126.894424","94.34466425188074"
"446.0","10.0","37.600128000000005","126.95783200000001","106.19654977375566"
"447.0","10.0","37.603992","126.961945","107.1864887879648"
"450.0","15.0","37.583603000000004","126.972549","107.60761265043381"
"451.0","13.0","37.583515000000006","126.97966799999999","108.5141337811363"
"500.0","10.0","37.54707","127.074272","121.70382695507487"
"501.0","15.0","37.537308","127.070351","120.6157471583033"
"502.0","15.0","37.531859999999995","127.06719199999999","120.18556415929204"
"503.0","15.0","37.536667","127.07359299999999","121.18859041816671"
"504.0","5.0","37.53297","127.07593500000002","121.33407140880155"
"505.0","10.0","37.537009999999995","127.082245","122.62634929421533"
"506.0","7.0","37.549061","127.05779299999999","119.20486591097594"
"507.0","7.0","37.548203","127.05711399999998","119.13388658367911"
"508.0","10.0","37.545165999999995","127.05751000000001","119.17552602436324"
"509.0","20.0","37.539654","127.05258899999998","118.21144278606965"
"510.0","10.0","37.541222","127.0438","117.00469094922737"
"511.0","16.0","37.544582","127.04460900000001","117.14412171507607"
"512.0","15.0","37.548561","127.045006","117.39657079646018"
"513.0","8.0","37.546307","127.049805","118.01491712707183"
"514.0","7.0","37.54258","127.063309","120.20410427066001"
"515.0","10.0","37.530235","127.08683","122.91127032240287"
"516.0","10.0","37.548404999999995","127.06936599999999","121.11993337034981"
"518.0","20.0","37.571526","127.03535500000001","116.50223588596981"
"519.0","20.0","37.566994","127.02991499999999","115.5895001396258"
"520.0","10.0","37.563858","127.03031899999999","115.69565217391305"
"521.0","14.0","37.561446999999994","127.03492","116.28953229398664"
"522.0","9.0","37.548640999999996","127.016426","113.27421593116847"
"523.0","11.0","37.543663","127.01406100000001","112.76775804661487"
"524.0","10.0","37.5522","127.02505500000001","114.68555555555555"
"525.0","20.0","37.558052","127.040352","117.06930141942667"
"526.0","10.0","37.563511","127.056725","119.62336578581363"
"529.0","15.0","37.561371","127.06366000000001","120.56774014436424"
"530.0","9.0","37.568748","127.030403","115.8358458961474"
"533.0","7.0","37.548149","127.02108799999999","113.83578363384188"
"534.0","20.0","37.548634","127.025726","114.58460683523201"
"535.0","16.0","37.553986","127.033592","115.76403557531962"
"536.0","8.0","37.55735","127.02921299999998","115.48247078464107"
"538.0","15.0","37.56765","127.05115500000001","119.29145728643216"
"539.0","10.0","37.559795","127.074203","122.00667037242913"
"540.0","8.0","37.55603","127.078644","122.72899276572065"
"542.0","19.0","37.535465","127.09448200000001","124.48001102839812"
"543.0","20.0","37.535969","127.094673","124.50951199338296"
"544.0","20.0","37.540729999999996","127.102905","126.02208724461623"
"546.0","8.0","37.532478000000005","127.08509099999999","122.79972451790634"
"548.0","20.0","37.52977","127.07486000000002","121.20414364640884"
"549.0","10.0","37.551224","127.089706","124.14920811336482"
"550.0","15.0","37.57164","127.03566000000001","116.58312377759151"
"551.0","10.0","37.540062","127.094498","124.59613259668508"
"552.0","10.0","37.536578999999996","127.092972","124.11668965517241"
"553.0","10.0","37.571255","127.079803","123.3750695603784"
"555.0","10.0","37.537849","127.092171","124.06951724137932"
"556.0","20.0","37.542053","127.020401","113.5973377703827"
"557.0","10.0","37.567642","127.025696","114.91930996104618"
"558.0","20.0","37.564606","127.03652199999999","116.5726638772664"
"559.0","10.0","37.561096","127.03679699999999","116.74658869395712"
"560.0","8.0","37.551204999999996","127.068932","121.14206283013623"
"561.0","10.0","37.542815999999995","127.04467","117.036985923268"
"562.0","10.0","37.559246","127.07341000000001","121.83240689271818"
"563.0","10.0","37.547913","127.062752","120.16689769891877"
"564.0","15.0","37.547928000000006","127.01557199999999","113.09378468368479"
"565.0","20.0","37.541363","127.01766200000002","113.19390581717451"
"567.0","15.0","37.54459","127.057083","119.15199335548172"
"568.0","10.0","37.571102","127.02356","114.63426183844011"
"569.0","10.0","37.549583","127.030243","115.34619655746808"
"571.0","20.0","37.548496","127.07476000000001","121.77136514983351"
"572.0","20.0","37.565536","127.0867","124.34802007808143"
"573.0","10.0","37.545231","127.084732","123.06246529705719"
"574.0","20.0","37.551849","127.088982","124.08025548458761"
"575.0","10.0","37.564293","127.086937","124.31939799331104"
"576.0","10.0","37.54483","127.10426299999999","126.25310859353412"
"577.0","10.0","37.546547","127.10613300000001","126.82265193370166"
"578.0","8.0","37.548286","127.06208799999999","120.01218161683278"
"579.0","8.0","37.565205","127.041847","117.48062447727906"
"580.0","6.0","37.554390000000005","127.020149","114.06481223922114"
"581.0","13.0","37.561012","127.05423700000001","119.05859483476812"
"582.0","10.0","37.543178999999995","127.04908","117.82099447513812"
"583.0","20.0","37.56797","127.04688999999999","118.20736812726766"
"584.0","20.0","37.547829","127.07263200000001","121.48416666666667"
"585.0","9.0","37.536808","127.055489","118.83993353641651"
"586.0","10.0","37.565940999999995","127.045395","118.0797323668804"
"587.0","10.0","37.545418","127.05264299999999","118.39116022099448"
"588.0","15.0","37.532688","127.067497","120.19308437067774"
"589.0","8.0","37.544159","127.056656","119.08605423353625"
"590.0","10.0","37.540089","127.073746","121.38670360110804"
"591.0","5.0","37.542778000000006","127.07537099999999","121.56469936270435"
"592.0","15.0","37.541763","127.07843000000001","121.78523862375138"
"593.0","5.0","37.528587","127.077873","121.49931072511718"
"594.0","15.0","37.558365","127.056908","119.40233074361821"
"600.0","10.0","37.589912","127.06868","122.03070422535211"
"601.0","10.0","37.575947","127.037361","116.97313182199832"
"602.0","10.0","37.572174","127.07138799999998","121.83170799665645"
"604.0","15.0","37.569656","127.05596200000001","119.78311906092789"
"605.0","8.0","37.5742","127.02649699999999","115.19843706391292"
"606.0","6.0","37.584625","127.07028999999999","122.07331460674158"
"607.0","10.0","37.602711","127.06786299999999","122.8606627017842"
"608.0","10.0","37.581309999999995","127.05534399999999","119.82884399551067"
"609.0","20.0","37.587790999999996","127.037361","116.96384529147981"
"610.0","10.0","37.573085999999996","127.05216200000001","119.1732811626607"
"612.0","20.0","37.573498","127.030472","115.73647518126046"
"613.0","10.0","37.575272","127.023468","114.76101505856107"
"614.0","20.0","37.577686","127.03101299999999","115.98352875488554"
"615.0","20.0","37.576382","127.03511","116.49874196253845"
"616.0","20.0","37.582561","127.054367","119.63309957924264"
"617.0","20.0","37.574203000000004","127.057693","120.29890848026868"
"621.0","15.0","37.574718","127.05339099999999","119.2786013986014"
"622.0","15.0","37.577793","127.05783100000001","120.26806722689075"
"623.0","20.0","37.583698","127.05385600000001","119.62776998597475"
"624.0","10.0","37.574188","127.045891","118.09342657342657"
"625.0","14.0","37.568191999999996","127.057175","119.89369419642857"
"626.0","10.0","37.561153000000004","127.07096899999999","121.46166666666667"
"627.0","10.0","37.578632","127.07190700000001","122.21548351034097"
"628.0","15.0","37.586815","127.067543","121.76516853932584"
"630.0","15.0","37.574852","127.040306","117.3104895104895"
"631.0","15.0","37.568184","127.051277","119.29332961205694"
"633.0","8.0","37.580405999999996","127.044823","118.16451793721973"
"634.0","20.0","37.59602","127.05983","121.21094190637338"
"635.0","12.0","37.587517","127.052773","119.64109050028105"
"636.0","10.0","37.5909","127.04258700000001","117.87798036465638"
"637.0","10.0","37.591614","127.04579199999999","118.49086822141051"
"638.0","20.0","37.583008","127.060974","120.65449438202248"
"639.0","14.0","37.585196999999994","127.060951","120.66629213483147"
"640.0","6.0","37.582454999999996","127.044495","118.25196408529742"
"641.0","10.0","37.573753","127.03853600000001","117.10989932885906"
"642.0","7.0","37.570156","127.048584","118.57502095557419"
"643.0","10.0","37.566971","127.074417","122.24986103390772"
"700.0","20.0","37.546848","126.872772","90.15420819490586"
"701.0","8.0","37.532803","126.86393000000001","88.26482758620689"
"702.0","16.0","37.532543","126.868729","89.18705234159779"
"703.0","12.0","37.524063","126.87558","89.78494326044839"
"704.0","15.0","37.523254","126.864906","88.38260390861547"
"706.0","15.0","37.521881","126.851753","86.17749036873968"
"707.0","10.0","37.515156","126.854897","86.12510333425186"
"708.0","16.0","37.51897","126.869965","89.26152996409832"
"709.0","20.0","37.511585","126.84156000000002","83.76519109155898"
"710.0","12.0","37.510658","126.84253700000001","83.83690869086908"
"711.0","20.0","37.517059","126.84848799999999","85.28437843784378"
"712.0","14.0","37.516998","126.83831799999999","83.57032329372755"
"713.0","20.0","37.533046999999996","126.82995600000001","83.76537396121884"
"714.0","10.0","37.532546999999994","126.830803","83.83679114799446"
"716.0","15.0","37.517281","126.86433400000001","87.95553714443524"
"719.0","10.0","37.530369","126.864258","88.20887296775972"
"720.0","10.0","37.516197","126.8349","82.94558011049723"
"800.0","15.0","37.532433000000005","126.954742","101.75602326225422"
"802.0","10.0","37.541153","127.00221299999998","110.47740504574439"
"803.0","10.0","37.538139","127.004097","110.68474951563798"
"805.0","9.0","37.536758","126.970001","104.51912416851441"
"806.0","20.0","37.533066","126.96073200000001","102.98173263216164"
"807.0","10.0","37.552277000000004","126.97268700000001","105.70611111111111"
"808.0","10.0","37.520503999999995","126.98973799999999","107.07069870201602"
"809.0","10.0","37.530167","127.00743899999999","110.6926694329184"
"810.0","10.0","37.53841","126.986649","107.29536679536679"
"811.0","20.0","37.53508","126.985382","106.83186328555678"
"812.0","20.0","37.53484","126.97766100000001","105.54783567686793"
"813.0","20.0","37.533512","126.972275","104.67798950566142"
"815.0","20.0","37.518509","126.978798","104.91459369817579"
"816.0","10.0","37.530148","126.968483","103.80110344827587"
"817.0","9.0","37.533451","126.971733","104.54404860535763"
"818.0","15.0","37.544895000000004","126.96938300000001","104.57729669719679"
"819.0","12.0","37.541653000000004","126.970505","104.56033287101248"
"820.0","10.0","37.549026","126.971947","105.59988885801612"
"822.0","10.0","37.522040999999994","126.965523","102.66271700192891"
"823.0","10.0","37.542320000000004","126.96196","103.48029966703663"
"825.0","15.0","37.520336","126.99426299999999","107.68996960486322"
"826.0","20.0","37.555367","126.968643","105.23784384551264"
"900.0","20.0","37.603943","126.927696","101.87323146576118"
"901.0","10.0","37.600975","126.926956","101.56452979384355"
"902.0","10.0","37.643108000000005","126.918221","103.86861313868613"
"903.0","20.0","37.645866","126.92739099999999","105.18609406952966"
"904.0","18.0","37.648674","126.930702","105.96776084407972"
"905.0","11.0","37.636234","126.918999","103.32676138011017"
"906.0","10.0","37.61721","126.919579","101.62924878606113"
"907.0","10.0","37.599491","126.91686200000001","99.8485706198698"
"908.0","10.0","37.613186","126.917351","100.93591569353461"
"909.0","10.0","37.586994","126.922882","99.74656574151949"
"911.0","10.0","37.605583","126.92293500000001","101.3946621237933"
"912.0","10.0","37.589661","126.916946","98.90575035063114"
"913.0","15.0","37.6007","126.920128","100.51118663268196"
"914.0","20.0","37.590796999999995","126.913651","98.76518560179977"
"915.0","10.0","37.584381","126.909897","97.64181614349776"
"916.0","7.0","37.607849","126.92132600000001","101.30539772727273"
"917.0","9.0","37.601299","126.935349","102.77031602708804"
"919.0","10.0","37.607948","126.932503","103.21982391366089"
"921.0","10.0","37.630016","126.91902900000001","102.87240783410138"
"922.0","10.0","37.617802000000005","126.921967","102.11631894827093"
"923.0","10.0","37.620948999999996","126.92563600000001","103.23904952762668"
"924.0","15.0","37.628516999999995","126.929581","104.30051813471502"
"925.0","8.0","37.609566","126.930977","103.19663721858079"
"926.0","8.0","37.611179","126.92966499999999","103.14595210946408"
"927.0","10.0","37.617855","126.922523","102.22749356959132"
"928.0","15.0","37.641315000000006","126.938042","106.57434402332362"
"930.0","7.0","37.601662","126.920303","100.52762822329272"
"931.0","10.0","37.604735999999995","126.91533700000001","99.99234476892543"
"932.0","10.0","37.610003999999996","126.916397","100.52630082456639"
"933.0","10.0","37.612484","126.914879","100.48875604896101"
"1001.0","15.0","37.541805","127.12471799999999","129.89156960621187"
"1002.0","10.0","37.545219","127.12591599999999","130.03965612867444"
"1003.0","20.0","37.543915000000005","127.12545800000001","130.02107598447031"
"1004.0","10.0","37.553349","127.12886","130.98415786548082"
"1006.0","15.0","37.55492","127.142799","133.31535038932148"
"1007.0","16.0","37.559063","127.130646","131.77220829852408"
"1008.0","10.0","37.549549","127.127151","130.6575"
"1009.0","20.0","37.538658","127.124214","129.7062898309781"
"1010.0","20.0","37.534481","127.13834399999999","131.72343361854817"
"1011.0","20.0","37.534771","127.13523899999998","131.2765780730897"
"1012.0","15.0","37.536026","127.122726","129.12849626142344"
"1013.0","15.0","37.530772999999996","127.120926","128.55884796455277"
"1014.0","15.0","37.5508","127.142624","133.06674082313683"
"1015.0","13.0","37.550079","127.14691200000001","133.63045290358434"
"1016.0","10.0","37.559399","127.171158","138.42401552967277"
"1017.0","20.0","37.535472999999996","127.145172","132.9574703120685"
"1018.0","20.0","37.524681","127.135406","131.18727623244285"
"1019.0","10.0","37.526825","127.130028","130.12972674579078"
"1020.0","15.0","37.528290000000005","127.126801","129.55013850415511"
"1021.0","15.0","37.564301","127.17395","139.02028904947193"
"1022.0","20.0","37.533764","127.13803100000001","131.72950593430858"
"1028.0","10.0","0.0","0.0","nan"
"1101.0","10.0","37.581612","126.798599","82.54756575265809"
"1102.0","10.0","37.573643","126.811806","83.71168903803132"
"1103.0","10.0","37.577221","126.81219499999999","83.92825237297599"
"1105.0","10.0","37.582446999999995","126.81203500000001","84.31377479742945"
"1106.0","10.0","37.573032","126.816452","84.2855546241967"
"1108.0","9.0","37.563559999999995","126.81015","82.84103563474387"
"1109.0","6.0","37.563347","126.81048600000001","82.86410470620997"
"1110.0","10.0","37.562683","126.81623799999998","83.46767001114827"
"1111.0","15.0","37.566982","126.8218","84.55828220858896"
"1112.0","15.0","37.568577000000005","126.824776","84.89354568315171"
"1113.0","15.0","37.573093","126.82289899999999","84.99692479731618"
"1114.0","15.0","37.572781","126.826279","85.48099496925657"
"1115.0","10.0","37.551666","126.86408999999999","89.41094748541262"
"1117.0","10.0","37.558197","126.84426100000002","86.98140954495005"
"1118.0","10.0","37.557460999999996","126.86145800000001","89.28031145717463"
"1119.0","6.0","37.554253","126.86756100000001","89.82045580878265"
"1120.0","10.0","37.565189000000004","126.853996","88.41001390820584"
"1121.0","15.0","37.559478999999996","126.86438000000001","89.83992204899778"
"1122.0","10.0","37.561932","126.863869","89.95044543429844"
"1123.0","15.0","37.570479999999996","126.849503","88.05261692650335"
"1124.0","10.0","37.557968","126.83828700000001","86.16712860310422"
"1125.0","10.0","37.552914","126.83657099999999","85.734219269103"
"1126.0","7.0","37.548908000000004","126.83656299999998","85.64601769911505"
"1127.0","10.0","37.540981","126.83854699999999","85.44887780548629"
"1128.0","10.0","37.541412","126.840225","85.80055478502081"
"1129.0","10.0","37.542099","126.840218","85.92098696978098"
"1130.0","7.0","37.542751","126.842621","86.36318270030496"
"1131.0","8.0","37.546444","126.845459","86.83337953978375"
"1132.0","10.0","37.551109000000004","126.863708","89.28908636489864"
"1135.0","10.0","37.546532","126.862549","88.79400333148251"
"1136.0","10.0","37.544788","126.86200000000001","88.74472807991121"
"1137.0","10.0","37.543071999999995","126.86241100000001","88.69034406215316"
"1139.0","8.0","37.537890999999995","126.863396","88.66804864566059"
"1140.0","15.0","37.531399","126.86360900000001","88.19184123484013"
"1141.0","10.0","37.52906","126.84848000000001","85.9825677919203"
"1145.0","10.0","37.528919","126.848083","85.95878284923928"
"1146.0","10.0","37.530338","126.83825700000001","84.60248962655602"
"1148.0","10.0","37.541470000000004","126.84478","86.48212801330008"
"1149.0","13.0","37.567284","126.818275","84.21695482431679"
"1201.0","10.0","37.493179","127.118546","128.28228476821192"
"1203.0","20.0","37.493728999999995","127.120621","128.68729281767955"
"1204.0","10.0","37.493342999999996","127.14473000000001","131.9842541436464"
"1205.0","15.0","37.510428999999995","127.071373","120.01900826446281"
"1206.0","20.0","37.51128","127.078239","121.05368942731278"
"1207.0","10.0","37.499756","127.15250400000001","133.31419105466594"
"1208.0","20.0","37.529675","127.11978899999998","128.39850663716814"
"1209.0","20.0","37.520451","127.104202","125.79414202818458"
"1210.0","30.0","37.513126","127.10096000000001","124.67016574585635"
"1211.0","7.0","37.512104","127.10778","125.94777562862669"
"1212.0","10.0","37.499413","127.11286899999999","127.04186174607545"
"1213.0","20.0","37.507659999999994","127.13273600000001","130.7793103448276"
"1214.0","10.0","37.502594","127.127647","129.8693134822167"
"1215.0","15.0","37.516571","127.13153799999999","130.36361134048994"
"1217.0","15.0","37.479271000000004","127.12957800000001","129.31628421343655"
"1218.0","12.0","37.508967999999996","127.12583899999998","129.31774415405778"
"1220.0","15.0","37.505691999999996","127.08403799999999","121.75903947005244"
"1221.0","10.0","37.5042","127.08753200000001","122.48453038674033"
"1222.0","15.0","37.511982","127.085052","122.37828129317491"
"1224.0","15.0","37.512169","127.078934","121.15376136676771"
"1226.0","10.0","37.520077","127.112366","126.88756906077349"
"1227.0","10.0","37.493126000000004","127.143822","131.981220657277"
"1228.0","10.0","37.4977","127.146202","132.4549723756906"
"1229.0","15.0","37.490688","127.143127","131.6999171041724"
"1230.0","10.0","37.495670000000004","127.130592","130.30809615916"
"1231.0","10.0","37.514088","127.09903","124.54211543772439"
"1232.0","10.0","37.512089","127.09619099999999","124.23992269464384"
"1233.0","9.0","37.510509000000006","127.093369","123.54515327257664"
"1235.0","15.0","37.508339","127.08814199999999","122.77596685082872"
"1239.0","20.0","37.480843","127.11801100000001","127.80348258706468"
"1240.0","10.0","37.480576","127.118568","127.79828681956342"
"1241.0","15.0","37.481239","127.11979699999999","127.94476663904999"
"1242.0","15.0","37.48209","127.119743","127.89342904472667"
"1243.0","20.0","37.484531","127.12016299999999","128.10991438829052"
"1244.0","7.0","37.481537","127.122124","128.14455500276395"
"1245.0","10.0","37.479465000000005","127.125328","128.4867256637168"
"1246.0","30.0","37.477509000000005","127.126328","128.48506637168143"
"1247.0","15.0","37.478821","127.123512","128.29432918395574"
"1248.0","20.0","37.513962","127.121674","128.52530253025301"
"1249.0","10.0","37.505463","127.077347","120.94834254143646"
"1250.0","10.0","37.490047","127.110748","126.53388429752066"
"1302.0","5.0","37.588764000000005","127.00631000000001","112.74845244794598"
"1303.0","10.0","37.591694","127.012497","113.66666666666667"
"1304.0","15.0","37.594402","126.99231","110.76750070283947"
"1305.0","10.0","37.589329","127.016434","114.31352112676056"
"1306.0","10.0","37.588448","127.00670600000001","112.81293952180029"
"1308.0","10.0","37.582592","127.028976","115.70617836175566"
"1313.0","10.0","37.603249","127.014648","114.45209750566893"
"1314.0","10.0","37.60244","127.01168799999999","114.08387645225277"
"1315.0","10.0","37.607760999999996","127.003281","112.91947831017862"
"1316.0","20.0","37.607262","127.00283799999998","112.77239229024943"
"1317.0","10.0","37.612774","127.00653100000001","113.63264145578619"
"1318.0","10.0","37.603085","127.02478799999999","115.9098383895662"
"1319.0","10.0","37.603043","127.033272","117.02297220646625"
"1320.0","10.0","37.59827","127.035027","117.04739069111424"
"1321.0","15.0","37.593288","127.036667","117.01067715650464"
"1322.0","10.0","37.598068","127.039276","117.58068149816953"
"1323.0","10.0","37.601040000000005","127.039902","117.70908577878104"
"1325.0","10.0","37.605808","127.04773700000001","119.10724391624221"
"1326.0","10.0","37.606068","127.04731799999999","119.07355021216408"
"1327.0","10.0","37.607341999999996","127.05068200000001","119.73535239173506"
"1328.0","10.0","37.602627000000005","127.041634","118.15238903025163"
"1332.0","10.0","37.613556","127.066093","122.8827546955037"
"1333.0","15.0","37.610523","127.059799","121.44917660420215"
"1334.0","10.0","37.612999","127.06131","121.84801136363636"
"1401.0","15.0","37.614738","127.07636299999999","124.71192241871078"
"1402.0","10.0","37.600071","127.102333","128.47138426839584"
"1403.0","15.0","37.59425","127.076576","123.48306041784302"
"1404.0","10.0","37.595299","127.080032","124.45947472465406"
"1405.0","10.0","37.599098","127.092949","126.70589895568727"
"1406.0","10.0","37.606251","127.10826899999999","129.79739671760046"
"1407.0","10.0","37.611511","127.07788799999999","124.82074665146766"
"1408.0","10.0","37.610721999999996","127.077477","124.73320045558087"
"1410.0","10.0","37.577782","127.09018700000001","125.30167597765363"
"1411.0","10.0","37.592541","127.086739","125.25217880236154"
"1412.0","10.0","37.590961","127.08706699999999","125.25526537489469"
"1413.0","10.0","37.617561","127.090309","127.53942857142857"
"1414.0","10.0","37.581646","127.08843200000001","125.11620111731844"
"1416.0","10.0","37.595219","127.085999","125.36151028458721"
"1418.0","15.0","37.617989","127.110542","131.0844990008564"
"1420.0","15.0","37.614231","127.096764","128.23351413074508"
"1421.0","20.0","37.612460999999996","127.103378","129.49288154897494"
"1422.0","10.0","37.620098","127.10646100000001","130.58218785796106"
"1424.0","10.0","37.606312","127.10774199999999","129.68157373337107"
"1425.0","10.0","37.58746","127.09597","126.76226520885899"
"1426.0","15.0","37.573589","127.086823","124.74365411436541"
"1427.0","10.0","37.574298999999996","127.086914","124.71137757947574"
"1428.0","10.0","37.616023999999996","127.085968","126.55422374429224"
"1429.0","15.0","37.599957","127.08000200000001","124.64903846153847"
"1431.0","10.0","37.606499","127.095451","127.59630681818182"
"1433.0","10.0","37.602077","127.079582","124.80051005950695"
"1434.0","15.0","37.579868","127.08236699999999","124.1284557386205"
"1435.0","15.0","37.608681","127.100792","128.6392512762337"
"1436.0","15.0","37.605881","127.100632","128.3843103936562"
"1437.0","15.0","37.583420000000004","127.079926","123.83347327176043"
"1438.0","15.0","37.616169","127.093483","128.14575593026578"
"1440.0","10.0","37.586372","127.08006999999999","123.92965246636771"
"1441.0","15.0","37.616710999999995","127.11073300000001","130.93363714041584"
"1501.0","9.0","37.62608","127.026482","117.19517795637199"
"1503.0","12.0","37.639278000000004","127.026756","117.89968013957545"
"1504.0","10.0","37.624157000000004","127.018623","115.80297823596793"
"1506.0","20.0","37.641018","127.01298500000001","116.38382953882078"
"1509.0","10.0","37.634377","127.035751","119.11841343370006"
"1510.0","10.0","37.633717","127.03551499999999","119.02863754700607"
"1511.0","9.0","37.631122999999995","127.03603400000001","119.00693641618497"
"1512.0","20.0","37.644737","127.02656599999999","118.2781998831093"
"1513.0","20.0","37.639648","127.025124","117.58575581395348"
"1514.0","10.0","37.638805","127.02835800000001","118.13397268235978"
"1515.0","10.0","37.618286","127.024048","116.41640468705344"
"1516.0","10.0","37.638706","127.01590700000001","116.59446064139942"
"1518.0","10.0","37.643085","127.016167","116.88085480093677"
"1519.0","10.0","37.645451","127.01561699999999","116.8824736225088"
"1520.0","10.0","37.639862","127.02278899999999","117.39941860465116"
"1522.0","10.0","37.654472","127.01275600000001","117.25347119645495"
"1525.0","10.0","37.627140000000004","127.02669499999999","117.21309592188398"
"1601.0","20.0","37.615128000000006","127.06405600000001","122.50569800569801"
"1602.0","15.0","37.622662","127.061897","122.58830275229357"
"1603.0","10.0","37.624859","127.05013999999998","120.87090281771133"
"1605.0","10.0","37.631622","127.06161499999999","123.32070561017929"
"1606.0","10.0","37.619171","127.074928","124.76951672862454"
"1608.0","10.0","37.626614000000004","127.072754","124.70272596843616"
"1610.0","20.0","37.620369000000004","127.08364099999999","126.39358350042967"
"1611.0","20.0","37.629940000000005","127.076553","125.76267281105991"
"1616.0","10.0","37.635109","127.068329","124.52929234338747"
"1617.0","20.0","37.63715","127.063271","124.1308519918581"
"1619.0","10.0","37.649021000000005","127.076408","127.70982931135963"
"1620.0","10.0","37.648209","127.07022099999999","126.274089306698"
"1623.0","20.0","37.638649","127.06629199999999","124.44755244755245"
"1625.0","20.0","37.66","127.07296799999999","127.70130641330167"
"1627.0","14.0","37.676941","127.055099","125.67291414752115"
"1628.0","10.0","37.673618","127.055252","125.24631135200241"
"1630.0","10.0","37.67625","127.055504","125.60108630054314"
"1634.0","15.0","37.669078999999996","127.077591","129.6681654676259"
"1635.0","11.0","37.672709999999995","127.08316","130.86019885507682"
"1636.0","10.0","37.649212","127.06176799999999","124.90182245737802"
"1637.0","15.0","37.654701","127.0634","125.68330871491877"
"1639.0","10.0","37.680313","127.05506899999999","126.11678832116789"
"1640.0","10.0","37.623863","127.06848899999999","123.8469475494411"
"1641.0","15.0","37.621555","127.069511","124.0483547925608"
"1642.0","7.0","37.625434999999996","127.088493","127.86846639862148"
"1702.0","10.0","37.646172","127.05056","122.82156460591855"
"1703.0","15.0","37.68972","127.045197","124.98865378718185"
"1705.0","15.0","37.668892","127.046448","123.3998200359928"
"1706.0","10.0","37.665665000000004","127.042671","122.44534291704103"
"1707.0","15.0","37.654461","127.038513","120.62426210153482"
"1708.0","8.0","37.65683","127.03984799999999","121.15008880994671"
"1709.0","15.0","37.650127000000005","127.035347","119.90575455079272"
"1712.0","15.0","37.654049","127.050201","123.07760401298319"
"1802.0","20.0","37.479591","126.882202","88.62341247929321"
"1804.0","10.0","37.46653","126.888718","88.72188365650969"
"1805.0","10.0","37.482288","126.877769","88.02342888643881"
"1806.0","10.0","37.486214000000004","126.87863899999999","88.40852819807428"
"1808.0","20.0","37.473209000000004","126.884941","88.83439314348908"
"1809.0","10.0","37.470779","126.88515500000001","88.51203319502075"
"1812.0","10.0","37.479031","126.887299","89.74827300359215"
"1814.0","8.0","37.47422","126.894127","90.19287095882841"
"1816.0","20.0","37.446861","126.90383100000001","89.42329071706503"
"1819.0","10.0","37.456478000000004","126.895927","89.03374827109268"
"1820.0","10.0","37.44334","126.90335800000001","89.51782729805014"
"1821.0","10.0","37.451458","126.902115","89.70843706777316"
"1822.0","10.0","37.452991","126.90090900000001","89.75428413488115"
"1823.0","20.0","37.458912","126.89858999999998","89.81642244954382"
"1824.0","15.0","37.46455","126.883728","87.78045404208194"
"1825.0","10.0","37.4547","126.891052","88.15739972337482"
"1826.0","20.0","37.456841","126.88834399999999","87.6985579589573"
"1827.0","20.0","37.455849","126.893143","88.4790916643589"
"1828.0","10.0","37.475319","126.89888799999999","90.82127071823204"
"1829.0","10.0","37.469139","126.89720200000001","90.21108033240998"
"1830.0","15.0","37.47023","126.895073","89.9130916136175"
"1831.0","10.0","37.4725","126.897957","90.6232725262576"
"1833.0","10.0","37.466541","126.89028200000001","89.06721991701245"
"1834.0","10.0","37.478939000000004","126.878647","88.01654259718777"
"1835.0","10.0","37.47707","126.88443000000001","88.87524204702628"
"1901.0","10.0","37.507332","126.87973000000001","89.45055248618785"
"1904.0","10.0","37.51424","126.882874","90.40767319900635"
"1906.0","20.0","37.50972","126.89009899999999","90.98291540369247"
"1907.0","12.0","37.489632","126.876259","88.06330856041839"
"1908.0","10.0","37.495284999999996","126.87216200000002","87.69207401270367"
"1910.0","5.0","37.497505","126.884377","89.67125171939477"
"1911.0","10.0","37.48494","126.901321","91.98147636162565"
"1912.0","10.0","37.4888","126.89066299999999","90.68687982359427"
"1913.0","10.0","37.491032000000004","126.892151","90.79752066115702"
"1914.0","10.0","37.494591","126.89392099999999","91.00496141124586"
"1916.0","10.0","37.494141","126.88998400000001","90.39757709251101"
"1920.0","10.0","37.504379","126.88829799999999","90.60522696011004"
"1924.0","10.0","37.478741","126.895096","90.56258634982039"
"1925.0","20.0","37.499889","126.867699","87.46124137931035"
"1928.0","10.0","37.49947","126.868401","87.4853752759382"
"1929.0","10.0","37.505134999999996","126.85276","85.20524137931035"
"1930.0","7.0","37.497684","126.853729","84.98896551724138"
"1931.0","10.0","37.494995","126.858253","85.46990612921039"
"1933.0","10.0","37.501583000000004","126.84687","84.22858716606996"
"1936.0","10.0","37.494282","126.85921499999999","85.5680751173709"
"1937.0","15.0","37.486061","126.85201299999999","84.03869541182974"
"1940.0","10.0","37.497551","126.847252","83.91740331491712"
"1941.0","10.0","37.493938","126.84405500000001","83.58326429163215"
"1943.0","10.0","37.49279","126.824524","80.7763701459653"
"1946.0","10.0","37.503116999999996","126.88038600000002","89.38928768636113"
"1951.0","20.0","37.479141","126.841454","82.241703539823"
"1952.0","15.0","37.482105","126.845726","83.00220994475139"
"1953.0","20.0","37.486385","126.839211","82.52653399668326"
"1955.0","10.0","37.482883","126.90103899999998","91.79662890301188"
"2002.0","10.0","37.512959","126.952072","100.0591960352423"
"2003.0","10.0","37.513359","126.94805900000001","99.5603424468379"
"2007.0","20.0","37.512939","126.934242","97.58181315644002"
"2008.0","10.0","37.509369","126.92806999999999","96.74344103838719"
"2009.0","10.0","37.500076","126.92108200000001","95.35321734327533"
"2012.0","10.0","37.488361","126.906227","92.83089251174357"
"2013.0","30.0","37.505852000000004","126.93936200000002","97.84834254143647"
"2015.0","10.0","37.499855","126.929565","96.22390944229707"
"2016.0","10.0","37.499645","126.927094","96.16202042506211"
"2020.0","10.0","37.504498","126.938988","97.77198786876207"
"2024.0","10.0","37.502178","126.948204","99.22943603851444"
"2025.0","15.0","37.50938","126.96361499999999","101.82396694214876"
"2026.0","10.0","37.509056","126.963249","101.79592398788212"
"2027.0","15.0","37.506771","126.95830500000001","100.82861072902338"
"2028.0","10.0","37.48447","126.971428","101.41028476638098"
"2032.0","10.0","37.485508","126.98162099999999","103.07442116868798"
"2033.0","10.0","37.481491","126.981583","102.8712789415656"
"2034.0","20.0","37.476890999999995","126.980576","102.41239669421488"
"2036.0","20.0","37.494704999999996","126.98239099999999","103.87786681403702"
"2037.0","20.0","37.503189","126.97715","103.51394642363988"
"2038.0","10.0","37.503181","126.97608899999999","103.37120794263652"
"2040.0","10.0","37.506359","126.969078","102.66979828681956"
"2041.0","10.0","37.486835","126.968048","101.18121546961326"
"2048.0","10.0","37.488453","126.97421299999999","102.17850234871511"
"2050.0","10.0","37.513248","126.939972","98.74303063759315"
"2054.0","10.0","37.510548","126.944847","99.11696551724138"
"2056.0","10.0","37.494499","126.916527","94.53370165745856"
"2057.0","10.0","37.500881","126.94175","97.9980742778542"
"2102.0","20.0","37.48423","126.92639199999999","95.33149779735683"
"2103.0","10.0","37.489178","126.919273","94.64086259330938"
"2104.0","13.0","37.476089","126.98133100000001","102.46571192508951"
"2105.0","12.0","37.480251","126.914604","93.3510226644555"
"2106.0","12.0","37.473728","126.91840400000001","93.55049668874172"
"2107.0","25.0","37.475471","126.93645500000001","96.81061653303843"
"2108.0","20.0","37.483340999999996","126.94319899999999","97.97209173804919"
"2109.0","15.0","37.486225","126.935829","96.86618942731278"
"2110.0","9.0","37.483191999999995","126.90203100000001","91.98728930643824"
"2111.0","10.0","37.480869","126.95331599999999","99.01713180436585"
"2112.0","15.0","37.481339","126.950645","98.74944751381216"
"2113.0","10.0","37.484660999999996","126.9039","92.31907259177477"
"2115.0","15.0","37.479915999999996","126.90284","91.77350663716814"
"2116.0","9.0","37.481705","126.950829","98.80403537866225"
"2119.0","10.0","37.484257","126.954697","99.27147196906932"
"2122.0","20.0","37.478058000000004","126.960495","99.63146253801493"
"2127.0","10.0","37.464886","126.91947900000001","93.33793484262839"
"2128.0","12.0","37.479164000000004","126.952583","98.78496406854616"
"2129.0","10.0","37.469055","126.958145","98.90720221606648"
"2130.0","15.0","37.47197","126.95876299999999","98.97592028784943"
"2135.0","12.0","37.484409","126.928909","95.84971098265896"
"2136.0","10.0","37.484577","126.92991599999999","95.95816129920176"
"2137.0","10.0","37.484901","126.936531","96.67906336088154"
"2139.0","10.0","37.471165","126.93701899999999","96.52506230960952"
"2140.0","12.0","37.478428","126.93186200000001","96.09801762114537"
"2141.0","12.0","37.472294","126.933411","96.14503182950456"
"2143.0","10.0","37.470695","126.9422","97.10785398230088"
"2144.0","15.0","37.477776","126.916756","93.61003861003861"
"2145.0","12.0","37.486359","126.942924","97.86387434554973"
"2148.0","10.0","37.477028000000004","126.963394","100.05480210351509"
"2153.0","10.0","37.485141999999996","126.92056299999999","94.54472667034787"
"2156.0","12.0","37.480721","126.909325","92.63855088495575"
"2157.0","10.0","37.4818","126.915237","93.37683162842134"
"2201.0","20.0","37.453281","127.051483","112.93472222222222"
"2202.0","20.0","37.448935999999996","127.054375","113.73399833748961"
"2203.0","20.0","37.447659","127.055016","113.75637472283813"
"2205.0","15.0","37.453751000000004","127.05938","115.04958448753463"
"2206.0","20.0","37.454399","127.06230900000001","115.55905947441217"
"2207.0","9.0","37.454407","127.064926","116.18674033149172"
"2210.0","15.0","37.505096","127.013107","110.10022026431719"
"2211.0","10.0","37.502635999999995","127.01231399999999","109.66767621145374"
"2212.0","20.0","37.500961","127.01792900000001","110.8612876485217"
"2213.0","20.0","37.502232","127.00225800000001","107.57720891824938"
"2214.0","15.0","37.504115999999996","126.99748999999998","107.13133259911895"
"2215.0","10.0","37.501713","126.995476","106.6400660429279"
"2217.0","20.0","37.513046","127.005959","109.11870008262187"
"2219.0","20.0","37.506199","127.00394399999999","108.58948237885463"
"2220.0","10.0","37.500614","126.98616000000001","104.73211819939243"
"2221.0","15.0","37.485611","126.99468200000001","104.99007991182144"
"2222.0","10.0","37.478069","126.982033","102.83783039647577"
"2223.0","20.0","37.472609999999996","126.98300900000001","102.80970766685053"
"2224.0","15.0","37.481293","126.982483","102.97850055126791"
"2225.0","15.0","37.473759","126.99524699999999","104.91286307053942"
"2226.0","15.0","37.475182000000004","127.00138899999999","105.88084047553221"
"2227.0","15.0","37.489052","126.99252299999999","105.05200880572372"
"2228.0","20.0","37.489585999999996","126.986725","104.13467364362434"
"2229.0","10.0","37.487010999999995","126.98496200000001","103.85659234792183"
"2230.0","20.0","37.485828000000005","126.982628","103.31497797356828"
"2231.0","15.0","37.496914000000004","127.02496299999999","111.7636664826063"
"2233.0","20.0","37.491112","127.022957","110.78167264697764"
"2235.0","15.0","37.482159","127.002701","106.8226029289859"
"2237.0","20.0","37.484558","127.01487","108.7517279513409"
"2239.0","10.0","37.494217","127.01378600000001","109.5074585635359"
"2241.0","10.0","37.485378000000004","127.041702","113.85458551363261"
"2242.0","20.0","37.483990000000006","127.03418","112.0989525909592"
"2243.0","15.0","37.481491","127.036728","112.55494354172404"
"2244.0","20.0","37.477852","127.03891000000002","112.72183971357752"
"2245.0","20.0","37.473614000000005","127.03051","110.82998071093965"
"2246.0","15.0","37.4692","127.02900700000001","110.29569298729983"
"2247.0","25.0","37.462639","127.026619","109.46325966850829"
"2248.0","10.0","37.459953000000006","127.02474199999999","108.76050884955752"
"2249.0","10.0","37.456234","127.019348","107.71424619640388"
"2250.0","10.0","37.455799","127.01628899999999","107.21758363284489"
"2251.0","10.0","37.467506","127.034477","111.34318056322473"
"2252.0","25.0","37.463322","127.036041","111.5146977260122"
"2255.0","25.0","37.47044","127.03885700000001","112.10813053097345"
"2256.0","10.0","37.467690000000005","127.04035900000001","112.4582986977002"
"2257.0","10.0","37.462688","127.04611200000001","113.01775312066574"
"2258.0","20.0","37.471539","127.050591","114.32050927207307"
"2259.0","15.0","37.512989000000005","127.011177","110.21056977704376"
"2262.0","20.0","37.516597999999995","127.00958999999999","109.9829295154185"
"2263.0","20.0","37.471928000000005","127.02683999999999","110.18768975986751"
"2264.0","9.0","37.488556","126.982574","103.38904185022027"
"2265.0","25.0","37.494106","126.98299399999999","103.94475138121547"
"2301.0","10.0","37.524071","127.02179","112.65656843844671"
"2302.0","10.0","37.505581","127.024277","112.14471140568904"
"2303.0","15.0","37.511517","127.021477","111.8712789415656"
"2304.0","10.0","37.512527","127.035835","114.65939226519338"
"2305.0","10.0","37.520641","127.034508","114.83751724137932"
"2306.0","30.0","37.527122","127.02871699999999","114.21013494904984"
"2307.0","10.0","37.528614000000005","127.038559","115.78433535576393"
"2308.0","14.0","37.529301000000004","127.035599","115.30926130099228"
"2309.0","10.0","37.518902000000004","127.04938500000002","117.06023763470571"
"2310.0","10.0","37.523613","127.040176","116.07773167358229"
"2311.0","10.0","37.517773","127.043022","116.26581928709588"
"2312.0","10.0","37.520579999999995","127.05632800000001","118.1718232044199"
"2313.0","10.0","37.525116","127.052467","117.94994469026548"
"2314.0","10.0","37.521275","127.061035","118.88646408839779"
"2315.0","10.0","37.514247999999995","127.06111899999999","118.86308539944903"
"2316.0","10.0","37.509575","127.06340800000001","118.94884488448845"
"2317.0","10.0","37.515888000000004","127.0662","119.49683108294296"
"2318.0","15.0","37.513577000000005","127.055031","117.84273079049198"
"2319.0","10.0","37.506607","127.05468","117.46819058110714"
"2320.0","10.0","37.491928","127.056969","116.81690528634361"
"2321.0","10.0","37.496117","127.06944299999999","119.34511319712865"
"2322.0","15.0","37.508091","127.063103","118.83690869086908"
"2323.0","10.0","37.502213","127.06720700000001","119.18700082621868"
"2324.0","10.0","37.500439","127.066223","118.6875172223753"
"2325.0","10.0","37.49865","127.05931899999999","117.60131976904042"
"2326.0","10.0","37.502396000000005","127.0588","117.70233837689133"
"2327.0","15.0","37.490551","127.03146399999999","112.09972375690607"
"2328.0","10.0","37.503586","127.04264099999999","114.93014908890116"
"2329.0","10.0","37.502357","127.04319","114.9618889809445"
"2330.0","10.0","37.492199","127.03945900000001","113.75737524124621"
"2331.0","20.0","37.498051000000004","127.044601","115.03941565600881"
"2332.0","15.0","37.503997999999996","127.04908799999998","116.16510215350635"
"2333.0","15.0","37.485157","127.03407299999999","112.16289966923925"
"2334.0","15.0","37.493759000000004","127.045898","115.03912923670433"
"2335.0","10.0","37.486767","127.046761","114.71959273527793"
"2336.0","10.0","37.494236","127.04746200000001","115.5998347562655"
"2337.0","15.0","37.492077","127.071976","119.63397790055248"
"2339.0","10.0","37.483261","127.052299","115.52015461071231"
"2340.0","15.0","37.477509000000005","127.045174","113.64843965755317"
"2341.0","10.0","37.483311","127.084938","121.25696936240685"
"2342.0","10.0","37.494007","127.07951399999999","120.57387462027064"
"2343.0","10.0","37.465317","127.107727","125.03433951813902"
"2344.0","10.0","37.465061","127.101196","123.84440753045405"
"2347.0","15.0","37.518639","127.0354","115.1334991708126"
"2348.0","10.0","37.507233","127.056854","117.65977961432507"
"2349.0","10.0","37.5014","127.037849","114.00524572059635"
"2350.0","10.0","37.494823","127.047905","115.74236168455822"
"2351.0","15.0","37.483878999999995","127.089027","122.196802646086"
"2352.0","10.0","37.517590000000006","127.035027","114.99723756906077"
"2353.0","10.0","37.516811","127.040474","115.45637769188293"
"2354.0","5.0","37.519787","127.05676299999999","118.20447637468914"
"2355.0","35.0","37.509121","127.06230900000001","118.82993946064943"
"2356.0","10.0","37.51807","127.047119","116.7881800607567"
"2357.0","15.0","37.501948999999996","127.04276999999999","114.88787627727147"
"2358.0","10.0","37.481384000000006","127.053917","115.8352225601327"
"2359.0","10.0","37.475605","127.050377","114.49778516057586"
"2360.0","15.0","37.492809","127.041389","114.08948237885463"
"3501.0","10.0","37.539501","127.083","122.61751662971176"
"3505.0","12.0","37.535221","127.068398","120.38461538461539"
"3506.0","10.0","37.537014","127.06109599999999","119.53445889842236"
"3508.0","10.0","37.548221999999996","127.067879","120.91032759578012"
"3509.0","20.0","37.55315","127.07285300000001","121.63525159855435"
"110.0","20.0","37.568199","126.917847","98.35630580357143"
"117.0","25.0","37.591159999999995","126.94133000000001","103.20050689946494"
"123.0","20.0","37.59433","126.94738799999999","104.47490129723633"
"131.0","23.0","37.584171000000005","126.911102","97.79590692458649"
"133.0","15.0","37.582031","126.908997","97.42797202797203"
"210.0","12.0","37.526066","126.925537","97.02370452039692"
"231.0","10.0","37.524506","126.891823","92.07856154910097"
"240.0","10.0","37.518738","126.895576","92.27121924246613"
"243.0","15.0","37.527084","126.89138","92.03706777316737"
"253.0","10.0","37.500648","126.90951499999998","93.86854460093896"
"274.0","10.0","37.516651","126.90798999999998","93.88109000825764"
"275.0","10.0","37.522816","126.885651","91.23570046974302"
"276.0","10.0","37.518284","126.912636","94.49724366041896"
"277.0","10.0","37.520119","126.90516699999999","93.53469162995594"
"278.0","10.0","37.507931","126.895233","91.5801652892562"
"279.0","15.0","37.513228999999995","126.90446499999999","93.26741944367943"
"305.0","16.0","37.572582000000004","126.97835500000001","108.03270897400056"
"332.0","5.0","37.56599","126.987793","109.1376811594203"
"417.0","20.0","37.575069","126.899918","95.6390284757119"
"427.0","10.0","37.569584000000006","126.90381599999999","95.9769123783032"
"449.0","10.0","37.608719","126.972862","108.74552175149275"
"537.0","10.0","37.560356","127.041397","117.21822742474916"
"568.0","10.0","37.571102","127.02356","114.63426183844011"
"593.0","5.0","37.528587","127.077873","121.49931072511718"
"612.0","20.0","37.573665999999996","127.03081499999999","115.7626220362622"
"625.0","9.0","37.568191999999996","127.057175","119.89369419642857"
"647.0","10.0","37.602798","127.067268","122.58930087744127"
"651.0","10.0","37.582747999999995","127.04827900000001","118.7819253438114"
"716.0","15.0","37.517281","126.86433400000001","87.95553714443524"
"722.0","10.0","37.521435","126.85738400000001","86.91854705558613"
"723.0","15.0","37.529163","126.872749","89.69994484280198"
"724.0","15.0","37.510681","126.857399","86.2943448275862"
"725.0","15.0","37.524334","126.850548","86.06532524807056"
"729.0","10.0","37.51038","126.866798","88.04942020982882"
"731.0","10.0","37.5299","126.87654099999999","90.30074565037283"
"732.0","10.0","37.539551","126.8283","83.7821043910522"
"733.0","10.0","37.514099","126.831001","82.65433462175594"
"734.0","10.0","37.51395","126.85605600000001","86.18307140887786"
"736.0","10.0","37.52219","126.8367","83.78756906077348"
"739.0","15.0","37.536201","126.827797","83.46402877697842"
"740.0","10.0","37.536369","126.83171100000001","84.21480044345898"
"741.0","10.0","37.53952","126.825401","83.18839779005525"
"742.0","10.0","37.550732","126.86457800000001","89.51735628991946"
"743.0","10.0","37.5089","126.84268200000001","83.89166895793237"
"744.0","10.0","37.543842","126.882545","91.2450221238938"
"745.0","10.0","37.522282000000004","126.839699","84.3285437966289"
"746.0","10.0","37.536503","126.877747","90.32348882141872"
"747.0","10.0","37.53458","126.875648","90.08420762009939"
"748.0","15.0","37.530251","126.87930300000001","90.72901080631753"
"827.0","20.0","37.541885","126.97966000000001","106.33665008291874"
"828.0","7.0","37.544078999999996","126.97200000000001","104.8942254303165"
"829.0","20.0","37.52293","126.961693","102.23305785123966"
"830.0","10.0","37.534424","126.94856999999999","100.97839933536416"
"832.0","15.0","37.521282","126.97346499999999","103.9341960352423"
"834.0","15.0","37.539009","126.96138","103.15124653739612"
"836.0","15.0","37.531422","126.9515","101.20044296788483"
"934.0","15.0","37.597141","126.909599","98.39022322690026"
"935.0","7.0","37.605202","126.92211200000001","101.29520295202953"
"937.0","15.0","37.645851","126.923798","104.75043834015196"
"939.0","15.0","37.6017","126.92742199999999","101.64632768361582"
"941.0","13.0","37.63726","126.933701","105.64459930313589"
"942.0","15.0","37.644081","126.92928300000001","105.48509643483344"
"943.0","10.0","37.602402000000005","126.92865","101.8487846240814"
"945.0","10.0","37.63414","126.93234299999999","105.19524913093859"
"947.0","10.0","37.622669","126.919991","102.20865577529378"
"948.0","10.0","37.577202","126.902351","96.0217998882057"
"949.0","7.0","37.619781","126.92080700000001","102.10840961098398"
"950.0","7.0","37.610779","126.917351","100.96614509246088"
"952.0","10.0","37.62265","126.925247","103.3122133027523"
"953.0","10.0","37.625778000000004","126.92881799999999","103.83438757906843"
"954.0","10.0","37.642609","126.92147800000001","104.32555425904317"
"956.0","9.0","37.594376000000004","126.918159","99.80626057529611"
"1023.0","15.0","37.549999","127.17468999999998","138.89107538802662"
"1024.0","10.0","37.529251","127.123108","128.8156656518129"
"1025.0","10.0","37.546696000000004","127.172546","138.35837028824832"
"1026.0","14.0","37.546631","127.15588400000001","135.43252212389382"
"1027.0","20.0","37.535999","127.147697","133.9542068965517"
"1028.0","10.0","37.5331","127.12278","128.9880919412905"
"1029.0","10.0","37.536541","127.12539699999999","129.73567672294493"
"1030.0","15.0","37.527060999999996","127.12207","128.4579646017699"
"1031.0","15.0","37.555851000000004","127.129898","131.16796440489432"
"1032.0","20.0","37.556728","127.13620800000001","132.5761626287942"
"1033.0","10.0","37.557990999999994","127.14470700000001","133.98887033945465"
"1034.0","15.0","37.561909","127.150749","134.77415761626287"
"1035.0","20.0","37.555015999999995","127.155273","135.14627363737486"
"1036.0","10.0","37.551998","127.153297","134.7891816920943"
"1037.0","10.0","37.562588","127.17761200000001","139.80244173140954"
"1038.0","10.0","37.568668","127.174797","139.52782415136338"
"1039.0","7.0","37.561279","127.167801","137.95473479589003"
"1040.0","15.0","37.5672","127.16346000000001","137.12709497206703"
"1041.0","10.0","37.559196","127.153297","135.15752852769273"
"1042.0","10.0","37.568562","127.177002","139.9243814289686"
"1044.0","15.0","37.545398999999996","127.142601","132.83337961677313"
"1108.0","8.0","37.563559999999995","126.81015","82.84103563474387"
"1137.0","10.0","37.541649","126.86336499999999","88.6993899057127"
"1150.0","10.0","37.56155","126.810478","82.84103563474387"
"1153.0","10.0","37.55891","126.83809699999999","86.32104241752148"
"1155.0","10.0","37.56926","126.84841899999999","87.95995550611791"
"1158.0","10.0","0.0","0.0","nan"
"1159.0","20.0","37.565853000000004","126.84659599999999","87.60444444444444"
"1160.0","20.0","37.567679999999996","126.840897","86.99777096684313"
"1161.0","10.0","37.549694","126.81966399999999","83.36824605153782"
"1162.0","10.0","37.562678999999996","126.82047299999999","84.18802228412257"
"1163.0","10.0","37.570499","126.82008400000001","84.68790164850517"
"1166.0","10.0","37.562569","126.84246100000001","86.85563575791227"
"1251.0","10.0","37.505932","127.10775","125.96440397350993"
"1253.0","10.0","37.501652","127.12818100000001","130.0303951367781"
"1256.0","8.0","37.491131","127.125809","129.17421314191054"
"1257.0","20.0","37.4921","127.117752","127.89177250138046"
"1258.0","10.0","37.493198","127.128998","129.71866372170072"
"1259.0","15.0","37.508984000000005","127.126595","129.35332966428177"
"1260.0","8.0","37.506302000000005","127.121399","128.64785242290748"
"1262.0","10.0","37.505802","127.10971799999999","126.3538164783687"
"1263.0","10.0","37.480540999999995","127.13701599999999","130.47387337572573"
"1264.0","8.0","37.538582","127.122803","129.37340720221607"
"1265.0","10.0","37.486149","127.124802","129.00580110497236"
"1267.0","15.0","37.51424","127.12307","128.77202643171807"
"1269.0","10.0","37.511944","127.09121699999999","123.25234676974047"
"1271.0","15.0","37.499984999999995","127.135391","130.9392768423958"
"1274.0","20.0","37.532848","127.121048","128.70249307479224"
"1275.0","15.0","37.504589","127.139366","131.76103752759383"
"1277.0","8.0","37.503757","127.137093","131.60143725815368"
"1279.0","10.0","37.497516999999995","127.154678","133.81329288472145"
"1323.0","10.0","37.600433","127.04020700000001","117.77031602708804"
"1332.0","10.0","37.613556","127.066093","122.8827546955037"
"1336.0","20.0","37.591251","127.014008","114.02872430301323"
"1337.0","10.0","37.590382","127.01713600000001","114.31005350605463"
"1338.0","15.0","37.586899","127.020752","114.78527262507026"
"1339.0","9.0","37.610569","127.03350800000001","117.4044975804156"
"1340.0","8.0","37.61956","127.053802","121.00543945032923"
"1342.0","15.0","37.592617","126.997932","111.60574486060264"
"1343.0","10.0","37.589249","127.007378","112.96119235095613"
"1344.0","10.0","37.600288","127.013702","114.24214992927864"
"1346.0","15.0","37.608978","127.020248","115.38594994311718"
"1347.0","20.0","37.607105","127.0215","115.54568671963678"
"1348.0","12.0","37.604752000000005","127.02275800000001","115.6960839954597"
"1349.0","10.0","37.623829","127.050201","120.76874461361678"
"1351.0","8.0","37.579449","127.024193","114.98127968706342"
"1352.0","8.0","37.583881","127.01709699999999","114.25140449438203"
"1353.0","8.0","37.60083","127.023552","115.60968015850553"
"1357.0","20.0","37.612072","127.008133","113.87389946038057"
"1358.0","10.0","37.60479","127.010582","114.0348738304508"
"1359.0","20.0","37.619801","127.045097","119.49513172966782"
"1430.0","20.0","37.606152","127.092598","127.1620777746239"
"1442.0","8.0","37.598591","127.079819","124.65912945166761"
"1443.0","10.0","37.59552","127.098778","127.59729653618699"
"1445.0","10.0","37.579941","127.079399","123.49678321678321"
"1446.0","10.0","37.591301","127.08033","124.35989862010702"
"1447.0","15.0","37.588902000000004","127.08728","125.2369601794728"
"1448.0","15.0","37.597321","127.089798","126.2155756207675"
"1449.0","15.0","37.596558","127.085838","125.53201692524682"
"1450.0","10.0","37.619625","127.08501399999999","126.53249355854567"
"1451.0","10.0","37.592758","127.07267","123.04736396955174"
"1455.0","10.0","37.596329","127.085899","125.52748801804341"
"1456.0","10.0","37.595112","127.10032700000001","127.77721518987342"
"1506.0","20.0","37.640327","127.01335900000001","116.39054290718039"
"1522.0","10.0","37.654472","127.01275600000001","117.25347119645495"
"1526.0","8.0","37.641739","127.024628","117.76515151515152"
"1527.0","10.0","37.627334999999995","127.026054","117.0876185004309"
"1528.0","10.0","37.615035999999996","127.020699","115.81369472182597"
"1529.0","15.0","37.630179999999996","127.02491","117.05301065975223"
"1530.0","10.0","37.643551","127.022346","117.71846649107404"
"1531.0","10.0","37.613956","127.030251","117.18801711840229"
"1532.0","10.0","37.626354","127.04744699999999","120.34493670886076"
"1533.0","10.0","37.629917","127.040916","119.61247473289056"
"1534.0","20.0","37.619637","127.044533","119.46092184368737"
"1535.0","10.0","37.636292","127.023376","117.22929936305732"
"1536.0","20.0","37.636261","127.032173","118.64302258251303"
"1538.0","8.0","37.656158000000005","127.01313799999998","117.39437869822486"
"1539.0","10.0","37.649673","127.013451","116.97969991173875"
"1541.0","10.0","37.626529999999995","127.01805900000001","115.87877046825625"
"1601.0","20.0","37.615299","127.06446799999999","122.59584164055825"
"1635.0","11.0","37.672709999999995","127.08316","130.86019885507682"
"1643.0","10.0","37.617367","127.07521100000001","124.63841324200914"
"1646.0","20.0","37.638489","127.10790300000001","132.53855106197264"
"1650.0","20.0","37.63958","127.065102","124.47712037306907"
"1651.0","20.0","37.672375","127.05599199999999","125.29897836538461"
"1652.0","10.0","37.68","127.05558","126.20583764062025"
"1654.0","15.0","37.663792","127.075447","128.72149253731342"
"1655.0","15.0","37.631111","127.07016000000002","124.64260969976905"
"1656.0","10.0","37.654999","127.06743600000001","126.3775147928994"
"1657.0","10.0","37.654049","127.057327","124.50132860938884"
"1659.0","10.0","37.65033","127.071602","126.64693757361601"
"1660.0","8.0","37.642071","127.076622","126.65237678623505"
"1661.0","10.0","37.649639","127.065605","125.51322751322752"
"1663.0","20.0","37.619381","127.057854","121.53615318662474"
"1664.0","10.0","37.649361","127.07044199999999","126.40041188584878"
"1666.0","10.0","37.655781","127.071777","127.03433984606276"
"1667.0","10.0","37.654499","127.07438700000002","127.45548654244307"
"1669.0","10.0","37.643757","127.06498700000002","124.83699151302312"
"1671.0","15.0","37.629349","127.054825","121.94829578278451"
"1674.0","15.0","37.653549","127.05808300000001","124.66873156342183"
"1677.0","10.0","37.623165","127.0905","128.0022975301551"
"1681.0","12.0","37.645802","127.08226","128.41078230295926"
"1682.0","13.0","37.656799","127.077606","128.3941908713693"
"1705.0","15.0","37.669224","127.046516","123.47583308315821"
"1713.0","10.0","37.647265999999995","127.025879","118.35385517443565"
"1714.0","10.0","37.64463","127.04460900000001","121.1596958174905"
"1715.0","20.0","37.653178999999994","127.01278700000002","117.18176453231041"
"1716.0","10.0","37.654202000000005","127.050728","123.07760401298319"
"1717.0","15.0","37.655708000000004","127.050102","123.00295072292711"
"1719.0","10.0","37.673283000000005","127.04399099999999","123.13035606517803"
"1720.0","20.0","37.668671","127.04798100000001","123.49910125823847"
"1721.0","12.0","37.653015","127.04699699999999","122.36280577659888"
"1722.0","15.0","37.657799","127.050049","123.17998815867377"
"1723.0","10.0","37.662079","127.027718","119.90014903129658"
"1727.0","15.0","37.678677","127.040764","123.28372234010307"
"1834.0","10.0","37.479084","126.879044","88.06510344827586"
"1836.0","7.0","37.467403000000004","126.908142","91.68946497517926"
"1839.0","20.0","37.47736","126.885223","88.96817930271168"
"1840.0","20.0","37.475101","126.88806899999999","89.18943584070796"
"1841.0","10.0","37.476952000000004","126.891869","90.02957435046987"
"1842.0","15.0","37.462574","126.90686000000001","91.07584114726971"
"1843.0","10.0","37.477097","126.911133","92.64419889502763"
"1845.0","15.0","37.460289","126.89218899999999","88.69181692094314"
"1846.0","15.0","37.460171","126.896042","89.42363032650802"
"1847.0","10.0","37.461033","126.8871","87.99278979478646"
"1848.0","10.0","37.476276","126.885391","88.98091814159292"
"1849.0","10.0","37.481353999999996","126.88694","89.72478585244542"
"1850.0","10.0","37.48016","126.88636799999999","89.69806629834254"
"1851.0","10.0","37.481255","126.881142","88.46815550041356"
"1951.0","20.0","37.480289","126.8395","82.14727825366123"
"1956.0","10.0","37.51001","126.88205","90.27704194260485"
"1957.0","15.0","37.493401","126.874329","88.01735537190082"
"1958.0","10.0","37.495781","126.890121","90.42137152299642"
"1960.0","10.0","37.50285","126.889481","90.77924580236719"
"1961.0","15.0","37.508194","126.891304","91.0939393939394"
"1962.0","10.0","37.481602","126.892799","90.5066371681416"
"1963.0","10.0","37.479317","126.890121","89.88591160220994"
"1964.0","10.0","37.497890000000005","126.864502","86.58393152954169"
"1965.0","15.0","37.497231","126.859192","85.7257174392936"
"1966.0","10.0","37.496497999999995","126.863098","86.01822197680839"
"1967.0","10.0","37.505138","126.84433700000001","83.9191641462744"
"1968.0","7.0","37.498482","126.847504","84.21574585635359"
"1969.0","10.0","37.501903999999996","126.82896399999998","81.72038567493112"
"1971.0","10.0","37.490722999999996","126.826393","80.8412217941662"
"1973.0","15.0","37.488597999999996","126.83649399999999","82.38431805632247"
"1975.0","10.0","37.49258","126.894737","91.20756279326525"
"1976.0","10.0","37.48568","126.886703","89.61389961389962"
"1979.0","10.0","37.492031","126.873772","87.73258055632057"
"1981.0","10.0","37.479431","126.842697","82.53758982863461"
"1983.0","10.0","37.502548","126.883881","89.66198347107438"
"1984.0","10.0","37.495266","126.888474","90.18811881188118"
"1985.0","20.0","37.498515999999995","126.89199099999999","90.97081497797357"
"2033.0","10.0","37.481491","126.981583","102.8712789415656"
"2036.0","20.0","37.494704999999996","126.98239099999999","103.87786681403702"
"2058.0","10.0","37.513523","126.943527","98.91275538376587"
"2065.0","15.0","37.511990000000004","126.92708600000002","96.6488950276243"
"2104.0","13.0","37.476089","126.98133100000001","102.46571192508951"
"2109.0","15.0","37.486225","126.935829","96.86618942731278"
"2113.0","10.0","37.484660999999996","126.9039","92.31907259177477"
"2135.0","11.0","37.484409","126.928909","95.84971098265896"
"2156.0","12.0","37.480721","126.909325","92.63855088495575"
"2159.0","10.0","37.47509","126.95922900000001","99.25498338870432"
"2164.0","8.0","37.484768","126.932877","96.27355371900826"
"2165.0","10.0","37.476482","126.96536299999998","100.15384615384616"
"2170.0","10.0","37.481528999999995","126.91203300000001","93.19607300884955"
"2171.0","17.0","37.481548","126.952003","98.89911553344389"
"2172.0","20.0","37.469406","126.944511","97.29211618257261"
"2173.0","10.0","37.48975","126.927467","95.61415587992289"
"2174.0","10.0","37.488564000000004","126.928482","95.81735537190083"
"2175.0","10.0","37.487301","126.928703","95.87888797137352"
"2176.0","15.0","37.488907","126.916679","94.1318407960199"
"2207.0","9.0","37.454407","127.064926","116.18674033149172"
"2222.0","10.0","37.478069","126.982033","102.83783039647577"
"2230.0","20.0","37.485828000000005","126.982628","103.31497797356828"
"2241.0","10.0","37.485378000000004","127.041702","113.85458551363261"
"2258.0","20.0","37.471539","127.050591","114.32050927207307"
"2266.0","15.0","37.49054","127.00816299999998","108.63086692435118"
"2268.0","10.0","37.502319","127.02226999999999","111.81998895637768"
"2269.0","10.0","37.510349","127.016052","110.7317006053935"
"2271.0","8.0","37.487865","126.994293","105.3179190751445"
"2272.0","10.0","37.487309","127.010582","108.29696132596685"
"2273.0","10.0","37.477829","127.038269","112.63436123348018"
"2274.0","10.0","37.46965","127.039612","112.24114064230344"
"2275.0","10.0","37.461578","127.048798","113.30490168928274"
"2276.0","15.0","37.474388","127.03890200000001","112.39057331863286"
"2277.0","10.0","37.51487","127.01528200000001","110.99532324621732"
"2279.0","10.0","37.493618","127.014183","109.64723756906078"
"2281.0","7.0","37.475978999999995","126.986282","103.46124137931035"
"2282.0","15.0","37.477203","127.00583600000002","106.7513812154696"
"2283.0","10.0","37.486526","126.989166","104.29298486932599"
"2284.0","10.0","37.468102","126.986801","103.30038759689923"
"2286.0","10.0","37.458549","127.055885","113.95698029419928"
"2287.0","10.0","37.45562","127.067101","116.70248618784531"
"2288.0","10.0","37.455608000000005","127.064453","116.12247719104231"
"2289.0","10.0","37.464298","126.988525","103.29406873614191"
"2292.0","15.0","37.488243","127.02701599999999","111.30138121546962"
"2293.0","10.0","37.484798","127.03699499999999","112.9969696969697"
"2294.0","15.0","37.475906","127.04624199999999","113.95682258510932"
"2298.0","12.0","37.502410999999995","127.021606","111.64476952801546"
"2334.0","15.0","37.493759000000004","127.045898","115.03912923670433"
"2355.0","20.0","37.509121","127.06230900000001","118.82993946064943"
"2361.0","10.0","37.526844","127.028259","113.93911845730028"
"2362.0","10.0","37.517635","127.022453","112.34241673548031"
"2364.0","10.0","37.52124","127.031898","114.29796030871003"
"2365.0","15.0","37.5233","127.038475","115.8176291793313"
"2368.0","10.0","37.489342","127.041298","113.96751101321586"
"2369.0","20.0","37.505428","127.052872","117.0911594602038"
"2370.0","20.0","37.496552","127.054298","116.46984301845222"
"2371.0","10.0","37.514748","127.035133","114.72747374239911"
"2372.0","10.0","37.494499","127.063797","118.25144747725393"
"2373.0","20.0","37.489277","127.065575","118.12579485761681"
"2375.0","10.0","37.48735","127.100998","124.65694635488308"
"2377.0","10.0","37.486835","127.102753","124.87125171939478"
"2382.0","11.0","37.501343","127.050468","116.44196305486628"
"2383.0","10.0","37.466328000000004","127.09488700000001","122.9590027700831"
"2385.0","10.0","37.51395","127.030151","113.63892728780758"
"2387.0","10.0","37.472454","127.09607700000001","122.98977618126554"
"3101.0","13.0","37.578381","126.93609599999999","101.44789915966386"
"3102.0","10.0","37.567966","126.931725","99.91520223152023"
"3502.0","15.0","37.565659000000004","127.08429699999999","124.12872666480914"
"3503.0","20.0","37.550488","127.10895500000001","127.39734366353072"
"3504.0","9.0","37.538052","127.076599","121.59445983379501"
"3507.0","25.0","37.545952","127.07800300000001","122.1346100471829"
"3511.0","15.0","37.55125","127.035103","115.80516953863257"
"3513.0","10.0","37.564609999999995","127.029198","115.63228324505158"
"3514.0","10.0","37.566261","127.023697","114.74575799721836"
"3517.0","10.0","37.562656","127.082756","123.66378830083565"
"3519.0","10.0","37.562607","127.051308","118.90498746168849"
"3520.0","10.0","37.542519","127.084084","122.88207547169812"
"3521.0","10.0","37.543427","127.09661899999999","125.13713021841305"
"3522.0","9.0","37.561245","127.048851","118.43657652634514"
